id;name;description;modified_date;is_active
1;EXE;EXE;2021-07-18;true
2;panel calculate;Concrete Frozen;2021-07-19;false
3;Division Handcrafted Program;Borders;2021-07-18;false
4;orchestrate;Keyboard Bedfordshire matrices;2021-07-18;true
5;Panama;disintermediate open;2021-07-18;true
6;Cambridgeshire Rubber solution;Cheese;2021-07-18;false
7;content-based Borders Computers;transmitting;2021-07-18;true
8;Island;deposit;2021-07-18;false
9;innovate Investor Buckinghamshire;Boliviano Mouse;2021-07-18;false
10;Table override;Table schemas Bedfordshire;2021-07-18;true
